"parameter1","parameter2","effectsize","estimate","conf.level","conf.low","conf.high","statistic","df.error","p.value","method","n.obs","conf.method","expression","common_name","time_of_day"
"time_from_startTime","detections","Pearson correlation","-0.0811078075472561","0.95","-0.302501098276803","0.148589326072605","-0.695276113776017","73","0.48908964011918","Pearson correlation","75","normal","list(italic(""t"")[""Student""] * ""("" * 73 * "")"" == ""-0.70"", italic(p) == ""0.49"", widehat(italic(""r""))[""Pearson""] == ""-0.08"", CI[""95%""] ~ ""["" * ""-0.30"", ""0.15"" * ""]"", italic(""n"")[""pairs""] == ""75"")","Ashy Drongo","dawn"
"time_from_startTime","detections","Pearson correlation","-0.00679347130806009","0.95","-0.231893839659075","0.218997493825244","-0.05844099846245","74","0.953554886174615","Pearson correlation","76","normal","list(italic(""t"")[""Student""] * ""("" * 74 * "")"" == ""-0.06"", italic(p) == ""0.95"", widehat(italic(""r""))[""Pearson""] == ""-6.79e-03"", CI[""95%""] ~ ""["" * ""-0.23"", ""0.22"" * ""]"", italic(""n"")[""pairs""] == ""76"")","Ashy Drongo","dusk"
"time_from_startTime","detections","Pearson correlation","0.103803062793452","0.95","0.025075353788352","0.181251144801853","2.58821411137524","615","0.00987547515321796","Pearson correlation","617","normal","list(italic(""t"")[""Student""] * ""("" * 615 * "")"" == ""2.59"", italic(p) == ""9.88e-03"", widehat(italic(""r""))[""Pearson""] == ""0.10"", CI[""95%""] ~ ""["" * ""0.03"", ""0.18"" * ""]"", italic(""n"")[""pairs""] == ""617"")","Crimson-backed Sunbird","dawn"
"time_from_startTime","detections","Pearson correlation","0.280550780442554","0.95","0.148581329166564","0.402702366888739","4.14391686841594","201","5.02904300718809e-05","Pearson correlation","203","normal","list(italic(""t"")[""Student""] * ""("" * 201 * "")"" == ""4.14"", italic(p) == ""5.03e-05"", widehat(italic(""r""))[""Pearson""] == ""0.28"", CI[""95%""] ~ ""["" * ""0.15"", ""0.40"" * ""]"", italic(""n"")[""pairs""] == ""203"")","Crimson-backed Sunbird","dusk"
"time_from_startTime","detections","Pearson correlation","-0.344097254211474","0.95","-0.421270305115791","-0.261977033256186","-7.94502127757493","470","1.44831046651748e-14","Pearson correlation","472","normal","list(italic(""t"")[""Student""] * ""("" * 470 * "")"" == ""-7.95"", italic(p) == ""1.45e-14"", widehat(italic(""r""))[""Pearson""] == ""-0.34"", CI[""95%""] ~ ""["" * ""-0.42"", ""-0.26"" * ""]"", italic(""n"")[""pairs""] == ""472"")","Gray Junglefowl","dawn"
"time_from_startTime","detections","Pearson correlation","-0.130742773133137","0.95","-0.286570403498296","0.0318241157834648","-1.58798219299102","145","0.114468571201994","Pearson correlation","147","normal","list(italic(""t"")[""Student""] * ""("" * 145 * "")"" == ""-1.59"", italic(p) == ""0.11"", widehat(italic(""r""))[""Pearson""] == ""-0.13"", CI[""95%""] ~ ""["" * ""-0.29"", ""0.03"" * ""]"", italic(""n"")[""pairs""] == ""147"")","Gray Junglefowl","dusk"
"time_from_startTime","detections","Pearson correlation","-0.234114031670249","0.95","-0.317142612227101","-0.147523943887746","-5.25377196578766","476","2.25235598689949e-07","Pearson correlation","478","normal","list(italic(""t"")[""Student""] * ""("" * 476 * "")"" == ""-5.25"", italic(p) == ""2.25e-07"", widehat(italic(""r""))[""Pearson""] == ""-0.23"", CI[""95%""] ~ ""["" * ""-0.32"", ""-0.15"" * ""]"", italic(""n"")[""pairs""] == ""478"")","Greater Racket-tailed Drongo","dawn"
"time_from_startTime","detections","Pearson correlation","-0.0230065406676314","0.95","-0.187025026973069","0.142259871106368","-0.272289131226684","140","0.785800884675163","Pearson correlation","142","normal","list(italic(""t"")[""Student""] * ""("" * 140 * "")"" == ""-0.27"", italic(p) == ""0.79"", widehat(italic(""r""))[""Pearson""] == ""-0.02"", CI[""95%""] ~ ""["" * ""-0.19"", ""0.14"" * ""]"", italic(""n"")[""pairs""] == ""142"")","Greater Racket-tailed Drongo","dusk"
"time_from_startTime","detections","Pearson correlation","-0.121645719521017","0.95","-0.207812252525092","-0.0336058340799656","-2.71288983857928","490","0.00690465545054711","Pearson correlation","492","normal","list(italic(""t"")[""Student""] * ""("" * 490 * "")"" == ""-2.71"", italic(p) == ""6.90e-03"", widehat(italic(""r""))[""Pearson""] == ""-0.12"", CI[""95%""] ~ ""["" * ""-0.21"", ""-0.03"" * ""]"", italic(""n"")[""pairs""] == ""492"")","Indian Scimitar-Babbler","dawn"
"time_from_startTime","detections","Pearson correlation","-0.115454068864625","0.95","-0.250521003005613","0.0240216071759305","-1.63138443941288","197","0.104406802595506","Pearson correlation","199","normal","list(italic(""t"")[""Student""] * ""("" * 197 * "")"" == ""-1.63"", italic(p) == ""0.10"", widehat(italic(""r""))[""Pearson""] == ""-0.12"", CI[""95%""] ~ ""["" * ""-0.25"", ""0.02"" * ""]"", italic(""n"")[""pairs""] == ""199"")","Indian Scimitar-Babbler","dusk"
"time_from_startTime","detections","Pearson correlation","0.0215331394325881","0.95","-0.137094429675","0.179083901357894","0.265539941891656","152","0.790953349310475","Pearson correlation","154","normal","list(italic(""t"")[""Student""] * ""("" * 152 * "")"" == ""0.27"", italic(p) == ""0.79"", widehat(italic(""r""))[""Pearson""] == ""0.02"", CI[""95%""] ~ ""["" * ""-0.14"", ""0.18"" * ""]"", italic(""n"")[""pairs""] == ""154"")","Malabar Gray Hornbill","dawn"
"time_from_startTime","detections","Pearson correlation","0.0247979253111339","0.95","-0.093545103468233","0.142449991194608","0.410604970177669","274","0.681683125938488","Pearson correlation","276","normal","list(italic(""t"")[""Student""] * ""("" * 274 * "")"" == ""0.41"", italic(p) == ""0.68"", widehat(italic(""r""))[""Pearson""] == ""0.02"", CI[""95%""] ~ ""["" * ""-0.09"", ""0.14"" * ""]"", italic(""n"")[""pairs""] == ""276"")","Malabar Gray Hornbill","dusk"
"time_from_startTime","detections","Pearson correlation","0.0395067856276149","0.95","-0.22104462493471","0.294794350478803","0.295872699708215","56","0.768421698136599","Pearson correlation","58","normal","list(italic(""t"")[""Student""] * ""("" * 56 * "")"" == ""0.30"", italic(p) == ""0.77"", widehat(italic(""r""))[""Pearson""] == ""0.04"", CI[""95%""] ~ ""["" * ""-0.22"", ""0.29"" * ""]"", italic(""n"")[""pairs""] == ""58"")","Oriental Magpie-Robin","dawn"
"time_from_startTime","detections","Pearson correlation","0.914807404251073","0.95","NA","NA","2.26498951759007","1","0.264684547831303","Pearson correlation","3","normal","list(italic(""t"")[""Student""] * ""("" * 1 * "")"" == ""2.26"", italic(p) == ""0.26"", widehat(italic(""r""))[""Pearson""] == ""0.91"", CI[""95%""] ~ ""["" * ""NA"", ""NA"" * ""]"", italic(""n"")[""pairs""] == ""3"")","Oriental Magpie-Robin","dusk"
"time_from_startTime","detections","Pearson correlation","0.0515769197124514","0.95","-0.0176273687377099","0.120289382978785","1.4625846321467","802","0.143972822005249","Pearson correlation","804","normal","list(italic(""t"")[""Student""] * ""("" * 802 * "")"" == ""1.46"", italic(p) == ""0.14"", widehat(italic(""r""))[""Pearson""] == ""0.05"", CI[""95%""] ~ ""["" * ""-0.02"", ""0.12"" * ""]"", italic(""n"")[""pairs""] == ""804"")","Nilgiri Flowerpecker","dawn"
"time_from_startTime","detections","Pearson correlation","0.195580888996918","0.95","0.0988168458365008","0.28868090381864","3.95359354467168","393","9.12982642151383e-05","Pearson correlation","395","normal","list(italic(""t"")[""Student""] * ""("" * 393 * "")"" == ""3.95"", italic(p) == ""9.13e-05"", widehat(italic(""r""))[""Pearson""] == ""0.20"", CI[""95%""] ~ ""["" * ""0.10"", ""0.29"" * ""]"", italic(""n"")[""pairs""] == ""395"")","Nilgiri Flowerpecker","dusk"
"time_from_startTime","detections","Pearson correlation","0.000167143492177557","0.95","-0.238267442573596","0.238582726505396","0.00135788016850295","66","0.998920664703369","Pearson correlation","68","normal","list(italic(""t"")[""Student""] * ""("" * 66 * "")"" == ""1.36e-03"", italic(p) == ""1.00"", widehat(italic(""r""))[""Pearson""] == ""1.67e-04"", CI[""95%""] ~ ""["" * ""-0.24"", ""0.24"" * ""]"", italic(""n"")[""pairs""] == ""68"")","Purple Sunbird","dawn"
"time_from_startTime","detections","Pearson correlation","-0.210111952617938","0.95","-0.324796758759679","-0.0893378168328545","-3.41157939561344","252","0.000752196605932684","Pearson correlation","254","normal","list(italic(""t"")[""Student""] * ""("" * 252 * "")"" == ""-3.41"", italic(p) == ""7.52e-04"", widehat(italic(""r""))[""Pearson""] == ""-0.21"", CI[""95%""] ~ ""["" * ""-0.32"", ""-0.09"" * ""]"", italic(""n"")[""pairs""] == ""254"")","Puff-throated Babbler","dawn"
"time_from_startTime","detections","Pearson correlation","-0.0490672892796526","0.95","-0.443681943640376","0.361484493832109","-0.230423537813036","22","0.819891870314788","Pearson correlation","24","normal","list(italic(""t"")[""Student""] * ""("" * 22 * "")"" == ""-0.23"", italic(p) == ""0.82"", widehat(italic(""r""))[""Pearson""] == ""-0.05"", CI[""95%""] ~ ""["" * ""-0.44"", ""0.36"" * ""]"", italic(""n"")[""pairs""] == ""24"")","Puff-throated Babbler","dusk"
"time_from_startTime","detections","Pearson correlation","0.0423663168831826","0.95","-0.0627421626146318","0.146545297691977","0.791043636165414","348","0.429457312094259","Pearson correlation","350","normal","list(italic(""t"")[""Student""] * ""("" * 348 * "")"" == ""0.79"", italic(p) == ""0.43"", widehat(italic(""r""))[""Pearson""] == ""0.04"", CI[""95%""] ~ ""["" * ""-0.06"", ""0.15"" * ""]"", italic(""n"")[""pairs""] == ""350"")","Square-tailed Bulbul","dawn"
"time_from_startTime","detections","Pearson correlation","0.120404164233418","0.95","0.00783238426561019","0.229962328269697","2.10424263497414","301","0.0361864067040068","Pearson correlation","303","normal","list(italic(""t"")[""Student""] * ""("" * 301 * "")"" == ""2.10"", italic(p) == ""0.04"", widehat(italic(""r""))[""Pearson""] == ""0.12"", CI[""95%""] ~ ""["" * ""7.83e-03"", ""0.23"" * ""]"", italic(""n"")[""pairs""] == ""303"")","Square-tailed Bulbul","dusk"
"time_from_startTime","detections","Pearson correlation","0.117812100911062","0.95","0.0545499128714838","0.180132263193418","3.64897188670151","946","0.000277690407921024","Pearson correlation","948","normal","list(italic(""t"")[""Student""] * ""("" * 946 * "")"" == ""3.65"", italic(p) == ""2.78e-04"", widehat(italic(""r""))[""Pearson""] == ""0.12"", CI[""95%""] ~ ""["" * ""0.05"", ""0.18"" * ""]"", italic(""n"")[""pairs""] == ""948"")","White-cheeked Barbet","dawn"
"time_from_startTime","detections","Pearson correlation","0.0610035446840838","0.95","-0.0148096380776508","0.136119330210089","1.57962103492558","668","0.114667054522198","Pearson correlation","670","normal","list(italic(""t"")[""Student""] * ""("" * 668 * "")"" == ""1.58"", italic(p) == ""0.11"", widehat(italic(""r""))[""Pearson""] == ""0.06"", CI[""95%""] ~ ""["" * ""-0.01"", ""0.14"" * ""]"", italic(""n"")[""pairs""] == ""670"")","White-cheeked Barbet","dusk"
"time_from_startTime","detections","Pearson correlation","0.107297935948829","0.95","-0.0555604826221527","0.264594992789524","1.29954060585536","145","0.195820773674873","Pearson correlation","147","normal","list(italic(""t"")[""Student""] * ""("" * 145 * "")"" == ""1.30"", italic(p) == ""0.20"", widehat(italic(""r""))[""Pearson""] == ""0.11"", CI[""95%""] ~ ""["" * ""-0.06"", ""0.26"" * ""]"", italic(""n"")[""pairs""] == ""147"")","Common Iora","dawn"
"time_from_startTime","detections","Pearson correlation","-0.658417916030955","0.95","-0.920175028750476","0.0101359233645211","-2.31449436372747","7","0.0538292189381784","Pearson correlation","9","normal","list(italic(""t"")[""Student""] * ""("" * 7 * "")"" == ""-2.31"", italic(p) == ""0.05"", widehat(italic(""r""))[""Pearson""] == ""-0.66"", CI[""95%""] ~ ""["" * ""-0.92"", ""0.01"" * ""]"", italic(""n"")[""pairs""] == ""9"")","Common Iora","dusk"
"time_from_startTime","detections","Pearson correlation","0.183721615181494","0.95","0.0139304911835297","0.343214595813073","2.13920283471051","131","0.0342739193477952","Pearson correlation","133","normal","list(italic(""t"")[""Student""] * ""("" * 131 * "")"" == ""2.14"", italic(p) == ""0.03"", widehat(italic(""r""))[""Pearson""] == ""0.18"", CI[""95%""] ~ ""["" * ""0.01"", ""0.34"" * ""]"", italic(""n"")[""pairs""] == ""133"")","Common Tailorbird","dawn"
"time_from_startTime","detections","Pearson correlation","-0.408568464817956","0.95","-0.720773391412","0.0414457017224397","-1.89915265956081","18","0.0736919218793148","Pearson correlation","20","normal","list(italic(""t"")[""Student""] * ""("" * 18 * "")"" == ""-1.90"", italic(p) == ""0.07"", widehat(italic(""r""))[""Pearson""] == ""-0.41"", CI[""95%""] ~ ""["" * ""-0.72"", ""0.04"" * ""]"", italic(""n"")[""pairs""] == ""20"")","Common Tailorbird","dusk"
"time_from_startTime","detections","Pearson correlation","0.0746075767080426","0.95","-0.093665008735971","0.23873602310968","0.872498058958304","136","0.384474529205889","Pearson correlation","138","normal","list(italic(""t"")[""Student""] * ""("" * 136 * "")"" == ""0.87"", italic(p) == ""0.38"", widehat(italic(""r""))[""Pearson""] == ""0.07"", CI[""95%""] ~ ""["" * ""-0.09"", ""0.24"" * ""]"", italic(""n"")[""pairs""] == ""138"")","Large-billed Crow","dawn"
"time_from_startTime","detections","Pearson correlation","0.182579974718255","0.95","0.0207469404894011","0.335089659847692","2.22841714874205","144","0.0274026075063527","Pearson correlation","146","normal","list(italic(""t"")[""Student""] * ""("" * 144 * "")"" == ""2.23"", italic(p) == ""0.03"", widehat(italic(""r""))[""Pearson""] == ""0.18"", CI[""95%""] ~ ""["" * ""0.02"", ""0.34"" * ""]"", italic(""n"")[""pairs""] == ""146"")","Large-billed Crow","dusk"
"time_from_startTime","detections","Pearson correlation","-0.0226156636178318","0.95","-0.140738435313548","0.0961419367871196","-0.373082501687364","272","0.709377620102766","Pearson correlation","274","normal","list(italic(""t"")[""Student""] * ""("" * 272 * "")"" == ""-0.37"", italic(p) == ""0.71"", widehat(italic(""r""))[""Pearson""] == ""-0.02"", CI[""95%""] ~ ""["" * ""-0.14"", ""0.10"" * ""]"", italic(""n"")[""pairs""] == ""274"")","Velvet-fronted Nuthatch","dawn"
"time_from_startTime","detections","Pearson correlation","-0.209355359787283","0.95","-0.436308837285322","0.0426426398545637","-1.65841064464029","60","0.102454073834038","Pearson correlation","62","normal","list(italic(""t"")[""Student""] * ""("" * 60 * "")"" == ""-1.66"", italic(p) == ""0.10"", widehat(italic(""r""))[""Pearson""] == ""-0.21"", CI[""95%""] ~ ""["" * ""-0.44"", ""0.04"" * ""]"", italic(""n"")[""pairs""] == ""62"")","Velvet-fronted Nuthatch","dusk"
"time_from_startTime","detections","Pearson correlation","-0.10144259321476","0.95","-0.434758116376164","0.256317963693333","-0.558505073278262","30","0.580644596045905","Pearson correlation","32","normal","list(italic(""t"")[""Student""] * ""("" * 30 * "")"" == ""-0.56"", italic(p) == ""0.58"", widehat(italic(""r""))[""Pearson""] == ""-0.10"", CI[""95%""] ~ ""["" * ""-0.43"", ""0.26"" * ""]"", italic(""n"")[""pairs""] == ""32"")","White-bellied Treepie","dawn"
"time_from_startTime","detections","Pearson correlation","0.16743509044114","0.95","-0.219343378794306","0.508733392810889","0.865979741237274","26","0.394422341129498","Pearson correlation","28","normal","list(italic(""t"")[""Student""] * ""("" * 26 * "")"" == ""0.87"", italic(p) == ""0.39"", widehat(italic(""r""))[""Pearson""] == ""0.17"", CI[""95%""] ~ ""["" * ""-0.22"", ""0.51"" * ""]"", italic(""n"")[""pairs""] == ""28"")","White-bellied Treepie","dusk"
"time_from_startTime","detections","Pearson correlation","-0.0258537104527854","0.95","-0.105349286749115","0.0539702023980996","-0.635077504489685","603","0.52561876909681","Pearson correlation","605","normal","list(italic(""t"")[""Student""] * ""("" * 603 * "")"" == ""-0.64"", italic(p) == ""0.53"", widehat(italic(""r""))[""Pearson""] == ""-0.03"", CI[""95%""] ~ ""["" * ""-0.11"", ""0.05"" * ""]"", italic(""n"")[""pairs""] == ""605"")","Yellow-browed Bulbul","dawn"
"time_from_startTime","detections","Pearson correlation","0.15040715158191","0.95","0.0393095077568574","0.257831599920448","2.6613254643768","306","0.00819425757346601","Pearson correlation","308","normal","list(italic(""t"")[""Student""] * ""("" * 306 * "")"" == ""2.66"", italic(p) == ""8.19e-03"", widehat(italic(""r""))[""Pearson""] == ""0.15"", CI[""95%""] ~ ""["" * ""0.04"", ""0.26"" * ""]"", italic(""n"")[""pairs""] == ""308"")","Yellow-browed Bulbul","dusk"
"time_from_startTime","detections","Pearson correlation","-0.114726050286503","0.95","-0.195436272704572","-0.0324722421175966","-2.73783507136937","562","0.00638048200950631","Pearson correlation","564","normal","list(italic(""t"")[""Student""] * ""("" * 562 * "")"" == ""-2.74"", italic(p) == ""6.38e-03"", widehat(italic(""r""))[""Pearson""] == ""-0.11"", CI[""95%""] ~ ""["" * ""-0.20"", ""-0.03"" * ""]"", italic(""n"")[""pairs""] == ""564"")","Indian White-eye","dawn"
"time_from_startTime","detections","Pearson correlation","0.024577592892274","0.95","-0.0846092090238038","0.133181156579805","0.441162400554917","322","0.659391500208638","Pearson correlation","324","normal","list(italic(""t"")[""Student""] * ""("" * 322 * "")"" == ""0.44"", italic(p) == ""0.66"", widehat(italic(""r""))[""Pearson""] == ""0.02"", CI[""95%""] ~ ""["" * ""-0.08"", ""0.13"" * ""]"", italic(""n"")[""pairs""] == ""324"")","Indian White-eye","dusk"
"time_from_startTime","detections","Pearson correlation","-0.214308237255936","0.95","-0.288900763728202","-0.137129396570462","-5.40112969178511","606","9.52409591573282e-08","Pearson correlation","608","normal","list(italic(""t"")[""Student""] * ""("" * 606 * "")"" == ""-5.40"", italic(p) == ""9.52e-08"", widehat(italic(""r""))[""Pearson""] == ""-0.21"", CI[""95%""] ~ ""["" * ""-0.29"", ""-0.14"" * ""]"", italic(""n"")[""pairs""] == ""608"")","Malabar Whistling-Thrush","dawn"
"time_from_startTime","detections","Pearson correlation","-0.133993273802646","0.95","-0.223760110024916","-0.0419722809814368","-2.85871518049093","447","0.00445247428828537","Pearson correlation","449","normal","list(italic(""t"")[""Student""] * ""("" * 447 * "")"" == ""-2.86"", italic(p) == ""4.45e-03"", widehat(italic(""r""))[""Pearson""] == ""-0.13"", CI[""95%""] ~ ""["" * ""-0.22"", ""-0.04"" * ""]"", italic(""n"")[""pairs""] == ""449"")","Malabar Whistling-Thrush","dusk"
"time_from_startTime","detections","Pearson correlation","0.0213610441159241","0.95","-0.10102757628901","0.143112770967574","0.341854707914983","256","0.732740696663577","Pearson correlation","258","normal","list(italic(""t"")[""Student""] * ""("" * 256 * "")"" == ""0.34"", italic(p) == ""0.73"", widehat(italic(""r""))[""Pearson""] == ""0.02"", CI[""95%""] ~ ""["" * ""-0.10"", ""0.14"" * ""]"", italic(""n"")[""pairs""] == ""258"")","Orange-headed Thrush","dawn"
"time_from_startTime","detections","Pearson correlation","-0.113306385058387","0.95","-0.314150174557916","0.0972450218866916","-1.06370174034093","87","0.290407345041212","Pearson correlation","89","normal","list(italic(""t"")[""Student""] * ""("" * 87 * "")"" == ""-1.06"", italic(p) == ""0.29"", widehat(italic(""r""))[""Pearson""] == ""-0.11"", CI[""95%""] ~ ""["" * ""-0.31"", ""0.10"" * ""]"", italic(""n"")[""pairs""] == ""89"")","Orange-headed Thrush","dusk"
"time_from_startTime","detections","Pearson correlation","-0.0162060242548168","0.95","-0.0958607812686082","0.0636549699504679","-0.397678185159812","602","0.691008392511839","Pearson correlation","604","normal","list(italic(""t"")[""Student""] * ""("" * 602 * "")"" == ""-0.40"", italic(p) == ""0.69"", widehat(italic(""r""))[""Pearson""] == ""-0.02"", CI[""95%""] ~ ""["" * ""-0.10"", ""0.06"" * ""]"", italic(""n"")[""pairs""] == ""604"")","Red-whiskered Bulbul","dawn"
"time_from_startTime","detections","Pearson correlation","0.176138827096707","0.95","0.0672860804484184","0.280847802480321","3.17580673507075","315","0.00164209398062455","Pearson correlation","317","normal","list(italic(""t"")[""Student""] * ""("" * 315 * "")"" == ""3.18"", italic(p) == ""1.64e-03"", widehat(italic(""r""))[""Pearson""] == ""0.18"", CI[""95%""] ~ ""["" * ""0.07"", ""0.28"" * ""]"", italic(""n"")[""pairs""] == ""317"")","Red-whiskered Bulbul","dusk"
"time_from_startTime","detections","Pearson correlation","0.184874359734921","0.95","0.0853337534071457","0.280760970037544","3.63801140370367","374","0.000313326178689799","Pearson correlation","376","normal","list(italic(""t"")[""Student""] * ""("" * 374 * "")"" == ""3.64"", italic(p) == ""3.13e-04"", widehat(italic(""r""))[""Pearson""] == ""0.18"", CI[""95%""] ~ ""["" * ""0.09"", ""0.28"" * ""]"", italic(""n"")[""pairs""] == ""376"")","Vernal Hanging-Parrot","dawn"
"time_from_startTime","detections","Pearson correlation","-0.186396743852938","0.95","-0.314765755147297","-0.0513315167406511","-2.71640136429633","205","0.00716339650328648","Pearson correlation","207","normal","list(italic(""t"")[""Student""] * ""("" * 205 * "")"" == ""-2.72"", italic(p) == ""7.16e-03"", widehat(italic(""r""))[""Pearson""] == ""-0.19"", CI[""95%""] ~ ""["" * ""-0.31"", ""-0.05"" * ""]"", italic(""n"")[""pairs""] == ""207"")","Vernal Hanging-Parrot","dusk"
"time_from_startTime","detections","Pearson correlation","0.00570327258005125","0.95","-0.143619185265929","0.15477182066181","0.0745811794444683","171","0.940635124304393","Pearson correlation","173","normal","list(italic(""t"")[""Student""] * ""("" * 171 * "")"" == ""0.07"", italic(p) == ""0.94"", widehat(italic(""r""))[""Pearson""] == ""5.70e-03"", CI[""95%""] ~ ""["" * ""-0.14"", ""0.15"" * ""]"", italic(""n"")[""pairs""] == ""173"")","Greater Coucal","dawn"
"time_from_startTime","detections","Pearson correlation","0.173412327278135","0.95","-0.475976483780837","0.700425112687363","0.528240184759741","9","0.610108475729983","Pearson correlation","11","normal","list(italic(""t"")[""Student""] * ""("" * 9 * "")"" == ""0.53"", italic(p) == ""0.61"", widehat(italic(""r""))[""Pearson""] == ""0.17"", CI[""95%""] ~ ""["" * ""-0.48"", ""0.70"" * ""]"", italic(""n"")[""pairs""] == ""11"")","Greater Coucal","dusk"
"time_from_startTime","detections","Pearson correlation","0.00714008148374095","0.95","-0.0766646998498244","0.0908446845666709","0.166843987215041","546","0.867554576700748","Pearson correlation","548","normal","list(italic(""t"")[""Student""] * ""("" * 546 * "")"" == ""0.17"", italic(p) == ""0.87"", widehat(italic(""r""))[""Pearson""] == ""7.14e-03"", CI[""95%""] ~ ""["" * ""-0.08"", ""0.09"" * ""]"", italic(""n"")[""pairs""] == ""548"")","Greenish Warbler","dawn"
"time_from_startTime","detections","Pearson correlation","-0.010259033328548","0.95","-0.152765621663901","0.132665504580985","-0.140297554000845","187","0.88857589908465","Pearson correlation","189","normal","list(italic(""t"")[""Student""] * ""("" * 187 * "")"" == ""-0.14"", italic(p) == ""0.89"", widehat(italic(""r""))[""Pearson""] == ""-0.01"", CI[""95%""] ~ ""["" * ""-0.15"", ""0.13"" * ""]"", italic(""n"")[""pairs""] == ""189"")","Greenish Warbler","dusk"
"time_from_startTime","detections","Pearson correlation","0.370385422173683","0.95","0.15965099653745","0.548833826280304","3.45323206061555","75","0.000914057637142589","Pearson correlation","77","normal","list(italic(""t"")[""Student""] * ""("" * 75 * "")"" == ""3.45"", italic(p) == ""9.14e-04"", widehat(italic(""r""))[""Pearson""] == ""0.37"", CI[""95%""] ~ ""["" * ""0.16"", ""0.55"" * ""]"", italic(""n"")[""pairs""] == ""77"")","Crested Serpent-Eagle","dawn"
"time_from_startTime","detections","Pearson correlation","0.0801127839603141","0.95","-0.71615037809726","0.785765961607424","0.179715270654565","5","0.864432333194461","Pearson correlation","7","normal","list(italic(""t"")[""Student""] * ""("" * 5 * "")"" == ""0.18"", italic(p) == ""0.86"", widehat(italic(""r""))[""Pearson""] == ""0.08"", CI[""95%""] ~ ""["" * ""-0.72"", ""0.79"" * ""]"", italic(""n"")[""pairs""] == ""7"")","Crested Serpent-Eagle","dusk"
"time_from_startTime","detections","Pearson correlation","-0.225615446081095","0.95","-0.446654024001962","0.0213795091186055","-1.82351449573485","62","0.0730465278751333","Pearson correlation","64","normal","list(italic(""t"")[""Student""] * ""("" * 62 * "")"" == ""-1.82"", italic(p) == ""0.07"", widehat(italic(""r""))[""Pearson""] == ""-0.23"", CI[""95%""] ~ ""["" * ""-0.45"", ""0.02"" * ""]"", italic(""n"")[""pairs""] == ""64"")","White-bellied Blue Flycatcher","dawn"
"time_from_startTime","detections","Pearson correlation","0.157694948379742","0.95","-0.11491795712225","0.4082186779893","1.15156294404044","52","0.254768019316268","Pearson correlation","54","normal","list(italic(""t"")[""Student""] * ""("" * 52 * "")"" == ""1.15"", italic(p) == ""0.25"", widehat(italic(""r""))[""Pearson""] == ""0.16"", CI[""95%""] ~ ""["" * ""-0.11"", ""0.41"" * ""]"", italic(""n"")[""pairs""] == ""54"")","White-bellied Blue Flycatcher","dusk"
"time_from_startTime","detections","Pearson correlation","0.0387832841875462","0.95","-0.189849679724593","0.263426364705699","0.331614016679974","73","0.74113089715592","Pearson correlation","75","normal","list(italic(""t"")[""Student""] * ""("" * 73 * "")"" == ""0.33"", italic(p) == ""0.74"", widehat(italic(""r""))[""Pearson""] == ""0.04"", CI[""95%""] ~ ""["" * ""-0.19"", ""0.26"" * ""]"", italic(""n"")[""pairs""] == ""75"")","Indian Peafowl","dawn"
"time_from_startTime","detections","Pearson correlation","-0.187870243913727","0.95","-0.475218138618374","0.135690003965764","-1.16348730227561","37","0.252080375014134","Pearson correlation","39","normal","list(italic(""t"")[""Student""] * ""("" * 37 * "")"" == ""-1.16"", italic(p) == ""0.25"", widehat(italic(""r""))[""Pearson""] == ""-0.19"", CI[""95%""] ~ ""["" * ""-0.48"", ""0.14"" * ""]"", italic(""n"")[""pairs""] == ""39"")","Indian Peafowl","dusk"
"time_from_startTime","detections","Pearson correlation","0.0759436511795313","0.95","-0.0572059736294946","0.206438865898228","1.12195993539132","217","0.263119408633878","Pearson correlation","219","normal","list(italic(""t"")[""Student""] * ""("" * 217 * "")"" == ""1.12"", italic(p) == ""0.26"", widehat(italic(""r""))[""Pearson""] == ""0.08"", CI[""95%""] ~ ""["" * ""-0.06"", ""0.21"" * ""]"", italic(""n"")[""pairs""] == ""219"")","Malabar Barbet","dawn"
"time_from_startTime","detections","Pearson correlation","0.0129895759788484","0.95","-0.11076106122533","0.136343570983571","0.20540055891997","250","0.837426331966028","Pearson correlation","252","normal","list(italic(""t"")[""Student""] * ""("" * 250 * "")"" == ""0.21"", italic(p) == ""0.84"", widehat(italic(""r""))[""Pearson""] == ""0.01"", CI[""95%""] ~ ""["" * ""-0.11"", ""0.14"" * ""]"", italic(""n"")[""pairs""] == ""252"")","Malabar Barbet","dusk"
"time_from_startTime","detections","Pearson correlation","0.131101968974602","0.95","-0.287499467200344","0.507650995914382","0.620276416128926","22","0.541448400235065","Pearson correlation","24","normal","list(italic(""t"")[""Student""] * ""("" * 22 * "")"" == ""0.62"", italic(p) == ""0.54"", widehat(italic(""r""))[""Pearson""] == ""0.13"", CI[""95%""] ~ ""["" * ""-0.29"", ""0.51"" * ""]"", italic(""n"")[""pairs""] == ""24"")","Bronzed Drongo","dawn"
"time_from_startTime","detections","Pearson correlation","0.0821558404666124","0.95","-0.400058935026285","0.528745304607773","0.329738042958913","16","0.745875440023398","Pearson correlation","18","normal","list(italic(""t"")[""Student""] * ""("" * 16 * "")"" == ""0.33"", italic(p) == ""0.75"", widehat(italic(""r""))[""Pearson""] == ""0.08"", CI[""95%""] ~ ""["" * ""-0.40"", ""0.53"" * ""]"", italic(""n"")[""pairs""] == ""18"")","Bronzed Drongo","dusk"
"time_from_startTime","detections","Pearson correlation","-0.207530501534779","0.95","-0.578520375340913","0.234605096541897","-0.948760512200464","20","0.3540667632801","Pearson correlation","22","normal","list(italic(""t"")[""Student""] * ""("" * 20 * "")"" == ""-0.95"", italic(p) == ""0.35"", widehat(italic(""r""))[""Pearson""] == ""-0.21"", CI[""95%""] ~ ""["" * ""-0.58"", ""0.23"" * ""]"", italic(""n"")[""pairs""] == ""22"")","Dark-fronted Babbler","dawn"
"time_from_startTime","detections","Pearson correlation","0.276058299781907","0.95","0.047422609907908","0.477207513913813","2.40304981545414","70","0.0189127186618129","Pearson correlation","72","normal","list(italic(""t"")[""Student""] * ""("" * 70 * "")"" == ""2.40"", italic(p) == ""0.02"", widehat(italic(""r""))[""Pearson""] == ""0.28"", CI[""95%""] ~ ""["" * ""0.05"", ""0.48"" * ""]"", italic(""n"")[""pairs""] == ""72"")","Dark-fronted Babbler","dusk"
"time_from_startTime","detections","Pearson correlation","0.0166194954695567","0.95","-0.254819000860302","0.28563021459453","0.118703331929455","51","0.905976720926375","Pearson correlation","53","normal","list(italic(""t"")[""Student""] * ""("" * 51 * "")"" == ""0.12"", italic(p) == ""0.91"", widehat(italic(""r""))[""Pearson""] == ""0.02"", CI[""95%""] ~ ""["" * ""-0.25"", ""0.29"" * ""]"", italic(""n"")[""pairs""] == ""53"")","Great Hornbill","dawn"
"time_from_startTime","detections","Pearson correlation","0.157213466156223","0.95","-0.132855877519772","0.422476235018666","1.07970005989114","46","0.28590452684209","Pearson correlation","48","normal","list(italic(""t"")[""Student""] * ""("" * 46 * "")"" == ""1.08"", italic(p) == ""0.29"", widehat(italic(""r""))[""Pearson""] == ""0.16"", CI[""95%""] ~ ""["" * ""-0.13"", ""0.42"" * ""]"", italic(""n"")[""pairs""] == ""48"")","Great Hornbill","dusk"
"time_from_startTime","detections","Pearson correlation","-0.0516743254468215","0.95","-0.194878572364812","0.093687024440502","-0.698057375285233","182","0.486032212356139","Pearson correlation","184","normal","list(italic(""t"")[""Student""] * ""("" * 182 * "")"" == ""-0.70"", italic(p) == ""0.49"", widehat(italic(""r""))[""Pearson""] == ""-0.05"", CI[""95%""] ~ ""["" * ""-0.19"", ""0.09"" * ""]"", italic(""n"")[""pairs""] == ""184"")","Mountain Imperial-Pigeon","dawn"
"time_from_startTime","detections","Pearson correlation","0.0426188186218204","0.95","-0.144925350649258","0.227206827403041","0.445358179506435","109","0.656944175127703","Pearson correlation","111","normal","list(italic(""t"")[""Student""] * ""("" * 109 * "")"" == ""0.45"", italic(p) == ""0.66"", widehat(italic(""r""))[""Pearson""] == ""0.04"", CI[""95%""] ~ ""["" * ""-0.14"", ""0.23"" * ""]"", italic(""n"")[""pairs""] == ""111"")","Mountain Imperial-Pigeon","dusk"
"time_from_startTime","detections","Pearson correlation","0.0894651552070717","0.95","-0.20957234802445","0.373198480502662","0.589024270486215","43","0.558926926561665","Pearson correlation","45","normal","list(italic(""t"")[""Student""] * ""("" * 43 * "")"" == ""0.59"", italic(p) == ""0.56"", widehat(italic(""r""))[""Pearson""] == ""0.09"", CI[""95%""] ~ ""["" * ""-0.21"", ""0.37"" * ""]"", italic(""n"")[""pairs""] == ""45"")","Speckled Piculet","dawn"
"time_from_startTime","detections","Pearson correlation","-0.125437405091072","0.95","-0.511207315060148","0.302400565194035","-0.579402796030853","21","0.568481572757439","Pearson correlation","23","normal","list(italic(""t"")[""Student""] * ""("" * 21 * "")"" == ""-0.58"", italic(p) == ""0.57"", widehat(italic(""r""))[""Pearson""] == ""-0.13"", CI[""95%""] ~ ""["" * ""-0.51"", ""0.30"" * ""]"", italic(""n"")[""pairs""] == ""23"")","Speckled Piculet","dusk"
"time_from_startTime","detections","Pearson correlation","0.0765246516470818","0.95","-0.249256427294828","0.38674676636255","0.460498233631525","36","0.647928329521771","Pearson correlation","38","normal","list(italic(""t"")[""Student""] * ""("" * 36 * "")"" == ""0.46"", italic(p) == ""0.65"", widehat(italic(""r""))[""Pearson""] == ""0.08"", CI[""95%""] ~ ""["" * ""-0.25"", ""0.39"" * ""]"", italic(""n"")[""pairs""] == ""38"")","Brown-breasted Flycatcher","dawn"
"time_from_startTime","detections","Pearson correlation","0.452407043697701","0.95","0.069743491617383","0.719008060318423","2.43287713187217","23","0.0231665839492165","Pearson correlation","25","normal","list(italic(""t"")[""Student""] * ""("" * 23 * "")"" == ""2.43"", italic(p) == ""0.02"", widehat(italic(""r""))[""Pearson""] == ""0.45"", CI[""95%""] ~ ""["" * ""0.07"", ""0.72"" * ""]"", italic(""n"")[""pairs""] == ""25"")","Brown-breasted Flycatcher","dusk"
"time_from_startTime","detections","Pearson correlation","0.000558420133415431","0.95","-0.10824039163332","0.109344013261358","0.0100360403085021","323","0.991998728546042","Pearson correlation","325","normal","list(italic(""t"")[""Student""] * ""("" * 323 * "")"" == ""0.01"", italic(p) == ""0.99"", widehat(italic(""r""))[""Pearson""] == ""5.58e-04"", CI[""95%""] ~ ""["" * ""-0.11"", ""0.11"" * ""]"", italic(""n"")[""pairs""] == ""325"")","Large-billed Leaf Warbler","dawn"
"time_from_startTime","detections","Pearson correlation","0.119319406974089","0.95","-0.31830153937111","0.515019259022951","0.537452211316168","20","0.596885163812891","Pearson correlation","22","normal","list(italic(""t"")[""Student""] * ""("" * 20 * "")"" == ""0.54"", italic(p) == ""0.60"", widehat(italic(""r""))[""Pearson""] == ""0.12"", CI[""95%""] ~ ""["" * ""-0.32"", ""0.52"" * ""]"", italic(""n"")[""pairs""] == ""22"")","Large-billed Leaf Warbler","dusk"
"time_from_startTime","detections","Pearson correlation","-0.012126199993837","0.95","-0.107573907678809","0.0835429987641404","-0.248235374855395","419","0.804073911197243","Pearson correlation","421","normal","list(italic(""t"")[""Student""] * ""("" * 419 * "")"" == ""-0.25"", italic(p) == ""0.80"", widehat(italic(""r""))[""Pearson""] == ""-0.01"", CI[""95%""] ~ ""["" * ""-0.11"", ""0.08"" * ""]"", italic(""n"")[""pairs""] == ""421"")","Southern Hill Myna","dawn"
"time_from_startTime","detections","Pearson correlation","-0.026651614345673","0.95","-0.117693053874307","0.0648341028902281","-0.571194687335017","459","0.568147240427757","Pearson correlation","461","normal","list(italic(""t"")[""Student""] * ""("" * 459 * "")"" == ""-0.57"", italic(p) == ""0.57"", widehat(italic(""r""))[""Pearson""] == ""-0.03"", CI[""95%""] ~ ""["" * ""-0.12"", ""0.06"" * ""]"", italic(""n"")[""pairs""] == ""461"")","Southern Hill Myna","dusk"
"time_from_startTime","detections","Pearson correlation","-0.0607063217633487","0.95","-0.221523425333477","0.103325385199455","-0.727283374602806","143","0.468241390376564","Pearson correlation","145","normal","list(italic(""t"")[""Student""] * ""("" * 143 * "")"" == ""-0.73"", italic(p) == ""0.47"", widehat(italic(""r""))[""Pearson""] == ""-0.06"", CI[""95%""] ~ ""["" * ""-0.22"", ""0.10"" * ""]"", italic(""n"")[""pairs""] == ""145"")","Spotted Dove","dawn"
"time_from_startTime","detections","Pearson correlation","-0.0346338755008144","0.95","-0.274366761098169","0.20915212308111","-0.277237327724474","64","0.782491401940458","Pearson correlation","66","normal","list(italic(""t"")[""Student""] * ""("" * 64 * "")"" == ""-0.28"", italic(p) == ""0.78"", widehat(italic(""r""))[""Pearson""] == ""-0.03"", CI[""95%""] ~ ""["" * ""-0.27"", ""0.21"" * ""]"", italic(""n"")[""pairs""] == ""66"")","Spotted Dove","dusk"
"time_from_startTime","detections","Pearson correlation","0.0408607074049379","0.95","-0.0881235432523985","0.168497319183691","0.621548070419238","231","0.534851975839374","Pearson correlation","233","normal","list(italic(""t"")[""Student""] * ""("" * 231 * "")"" == ""0.62"", italic(p) == ""0.53"", widehat(italic(""r""))[""Pearson""] == ""0.04"", CI[""95%""] ~ ""["" * ""-0.09"", ""0.17"" * ""]"", italic(""n"")[""pairs""] == ""233"")","Asian Fairy-bluebird","dawn"
"time_from_startTime","detections","Pearson correlation","-0.281768053095784","0.95","-0.421596425250437","-0.128850903566692","-3.60863655406974","151","0.000417978405485297","Pearson correlation","153","normal","list(italic(""t"")[""Student""] * ""("" * 151 * "")"" == ""-3.61"", italic(p) == ""4.18e-04"", widehat(italic(""r""))[""Pearson""] == ""-0.28"", CI[""95%""] ~ ""["" * ""-0.42"", ""-0.13"" * ""]"", italic(""n"")[""pairs""] == ""153"")","Asian Fairy-bluebird","dusk"
"time_from_startTime","detections","Pearson correlation","-0.215201444672047","0.95","-0.874101611371959","0.722553130896651","-0.44072931869454","4","0.682181001253001","Pearson correlation","6","normal","list(italic(""t"")[""Student""] * ""("" * 4 * "")"" == ""-0.44"", italic(p) == ""0.68"", widehat(italic(""r""))[""Pearson""] == ""-0.22"", CI[""95%""] ~ ""["" * ""-0.87"", ""0.72"" * ""]"", italic(""n"")[""pairs""] == ""6"")","Indian Pitta","dawn"
"time_from_startTime","detections","Pearson correlation","-0.313191081250085","0.95","-0.59276518562234","0.0337463701140689","-1.83615063731838","31","0.0759428963096509","Pearson correlation","33","normal","list(italic(""t"")[""Student""] * ""("" * 31 * "")"" == ""-1.84"", italic(p) == ""0.08"", widehat(italic(""r""))[""Pearson""] == ""-0.31"", CI[""95%""] ~ ""["" * ""-0.59"", ""0.03"" * ""]"", italic(""n"")[""pairs""] == ""33"")","Indian Pitta","dusk"
"time_from_startTime","detections","Pearson correlation","-0.456498542500911","0.95","-0.645373595663226","-0.215020431139524","-3.69986334272955","52","0.00052133818887381","Pearson correlation","54","normal","list(italic(""t"")[""Student""] * ""("" * 52 * "")"" == ""-3.70"", italic(p) == ""5.21e-04"", widehat(italic(""r""))[""Pearson""] == ""-0.46"", CI[""95%""] ~ ""["" * ""-0.65"", ""-0.22"" * ""]"", italic(""n"")[""pairs""] == ""54"")","Asian Emerald Dove","dawn"
"time_from_startTime","detections","Pearson correlation","0.304764477823076","0.95","0.0595275397765268","0.515307247615547","2.47860848441529","60","0.016019036675884","Pearson correlation","62","normal","list(italic(""t"")[""Student""] * ""("" * 60 * "")"" == ""2.48"", italic(p) == ""0.02"", widehat(italic(""r""))[""Pearson""] == ""0.30"", CI[""95%""] ~ ""["" * ""0.06"", ""0.52"" * ""]"", italic(""n"")[""pairs""] == ""62"")","Asian Emerald Dove","dusk"
"time_from_startTime","detections","Pearson correlation","-0.229869401848605","0.95","-0.389744197093682","-0.0565443984802112","-2.61952190045125","123","0.00991358904586774","Pearson correlation","125","normal","list(italic(""t"")[""Student""] * ""("" * 123 * "")"" == ""-2.62"", italic(p) == ""9.91e-03"", widehat(italic(""r""))[""Pearson""] == ""-0.23"", CI[""95%""] ~ ""["" * ""-0.39"", ""-0.06"" * ""]"", italic(""n"")[""pairs""] == ""125"")","Black-naped Monarch","dawn"
"time_from_startTime","detections","Pearson correlation","0.210364597486934","0.95","0.0145475772333252","0.390641630256572","2.13017007694453","98","0.0356614721107113","Pearson correlation","100","normal","list(italic(""t"")[""Student""] * ""("" * 98 * "")"" == ""2.13"", italic(p) == ""0.04"", widehat(italic(""r""))[""Pearson""] == ""0.21"", CI[""95%""] ~ ""["" * ""0.01"", ""0.39"" * ""]"", italic(""n"")[""pairs""] == ""100"")","Black-naped Monarch","dusk"
"time_from_startTime","detections","Pearson correlation","0.830179454528355","0.95","0.205752043970697","0.974196102810058","3.32977608435183","5","0.0207840725941958","Pearson correlation","7","normal","list(italic(""t"")[""Student""] * ""("" * 5 * "")"" == ""3.33"", italic(p) == ""0.02"", widehat(italic(""r""))[""Pearson""] == ""0.83"", CI[""95%""] ~ ""["" * ""0.21"", ""0.97"" * ""]"", italic(""n"")[""pairs""] == ""7"")","Spot-bellied Eagle-Owl","dawn"
"time_from_startTime","detections","Pearson correlation","-0.188267292837498","0.95","-0.530338607006269","0.206522133992902","-0.958476099450052","25","0.347001091251808","Pearson correlation","27","normal","list(italic(""t"")[""Student""] * ""("" * 25 * "")"" == ""-0.96"", italic(p) == ""0.35"", widehat(italic(""r""))[""Pearson""] == ""-0.19"", CI[""95%""] ~ ""["" * ""-0.53"", ""0.21"" * ""]"", italic(""n"")[""pairs""] == ""27"")","Spot-bellied Eagle-Owl","dusk"
"time_from_startTime","detections","Pearson correlation","0.0479178970388714","0.95","-0.192708859540922","0.283108521428002","0.389734532526572","66","0.697987698884835","Pearson correlation","68","normal","list(italic(""t"")[""Student""] * ""("" * 66 * "")"" == ""0.39"", italic(p) == ""0.70"", widehat(italic(""r""))[""Pearson""] == ""0.05"", CI[""95%""] ~ ""["" * ""-0.19"", ""0.28"" * ""]"", italic(""n"")[""pairs""] == ""68"")","White-throated Kingfisher","dawn"
"time_from_startTime","detections","NA correlation","NA","0.95","NA","NA","NA","NA","NA","NA correlation","2","normal","list(italic(""t"")[""Student""] * ""("" * NA * "")"" == ""NA"", italic(p) == ""NA"", NULL == ""NA"", CI[""95%""] ~ ""["" * ""NA"", ""NA"" * ""]"", italic(""n"")[""pairs""] == ""2"")","White-throated Kingfisher","dusk"
"time_from_startTime","detections","Pearson correlation","0.00232702643019223","0.95","-0.139698473114464","0.144258709450052","0.0319914108992504","189","0.974512659088885","Pearson correlation","191","normal","list(italic(""t"")[""Student""] * ""("" * 189 * "")"" == ""0.03"", italic(p) == ""0.97"", widehat(italic(""r""))[""Pearson""] == ""2.33e-03"", CI[""95%""] ~ ""["" * ""-0.14"", ""0.14"" * ""]"", italic(""n"")[""pairs""] == ""191"")","Brown-cheeked Fulvetta","dawn"
"time_from_startTime","detections","Pearson correlation","0.155027185601734","0.95","-0.210898060689554","0.482843572620071","0.845063590226162","29","0.404993667130695","Pearson correlation","31","normal","list(italic(""t"")[""Student""] * ""("" * 29 * "")"" == ""0.85"", italic(p) == ""0.40"", widehat(italic(""r""))[""Pearson""] == ""0.16"", CI[""95%""] ~ ""["" * ""-0.21"", ""0.48"" * ""]"", italic(""n"")[""pairs""] == ""31"")","Brown-cheeked Fulvetta","dusk"
"time_from_startTime","detections","Pearson correlation","0.128659138955957","0.95","-0.00886878800527347","0.261410140546804","1.84391494288299","202","0.0666602560573717","Pearson correlation","204","normal","list(italic(""t"")[""Student""] * ""("" * 202 * "")"" == ""1.84"", italic(p) == ""0.07"", widehat(italic(""r""))[""Pearson""] == ""0.13"", CI[""95%""] ~ ""["" * ""-8.87e-03"", ""0.26"" * ""]"", italic(""n"")[""pairs""] == ""204"")","Orange Minivet","dawn"
"time_from_startTime","detections","Pearson correlation","-0.0308944301411728","0.95","-0.406140182348037","0.353267001557718","-0.154545922713223","25","0.878420222012147","Pearson correlation","27","normal","list(italic(""t"")[""Student""] * ""("" * 25 * "")"" == ""-0.15"", italic(p) == ""0.88"", widehat(italic(""r""))[""Pearson""] == ""-0.03"", CI[""95%""] ~ ""["" * ""-0.41"", ""0.35"" * ""]"", italic(""n"")[""pairs""] == ""27"")","Orange Minivet","dusk"
"time_from_startTime","detections","Pearson correlation","0.102916110773233","0.95","-0.155060786292577","0.347753003822426","0.787969837512057","58","0.433922992371659","Pearson correlation","60","normal","list(italic(""t"")[""Student""] * ""("" * 58 * "")"" == ""0.79"", italic(p) == ""0.43"", widehat(italic(""r""))[""Pearson""] == ""0.10"", CI[""95%""] ~ ""["" * ""-0.16"", ""0.35"" * ""]"", italic(""n"")[""pairs""] == ""60"")","Greater Flameback","dawn"
"time_from_startTime","detections","Pearson correlation","0.0100212192437472","0.95","-0.232575658541353","0.251444124714869","0.080173779770361","64","0.936349222298181","Pearson correlation","66","normal","list(italic(""t"")[""Student""] * ""("" * 64 * "")"" == ""0.08"", italic(p) == ""0.94"", widehat(italic(""r""))[""Pearson""] == ""0.01"", CI[""95%""] ~ ""["" * ""-0.23"", ""0.25"" * ""]"", italic(""n"")[""pairs""] == ""66"")","Greater Flameback","dusk"
"time_from_startTime","detections","Pearson correlation","0.0229013378459316","0.95","-0.116913493872055","0.161826043712304","0.320702840586777","196","0.74877726523461","Pearson correlation","198","normal","list(italic(""t"")[""Student""] * ""("" * 196 * "")"" == ""0.32"", italic(p) == ""0.75"", widehat(italic(""r""))[""Pearson""] == ""0.02"", CI[""95%""] ~ ""["" * ""-0.12"", ""0.16"" * ""]"", italic(""n"")[""pairs""] == ""198"")","Blyth's Reed Warbler","dawn"
"time_from_startTime","detections","Pearson correlation","0.122062439616915","0.95","-0.0280849429981809","0.266823397433999","1.60348971715286","170","0.110682874428401","Pearson correlation","172","normal","list(italic(""t"")[""Student""] * ""("" * 170 * "")"" == ""1.60"", italic(p) == ""0.11"", widehat(italic(""r""))[""Pearson""] == ""0.12"", CI[""95%""] ~ ""["" * ""-0.03"", ""0.27"" * ""]"", italic(""n"")[""pairs""] == ""172"")","Blyth's Reed Warbler","dusk"
"time_from_startTime","detections","Pearson correlation","-0.113471637618345","0.95","-0.414160805702038","0.209547689515572","-0.694707980513096","37","0.491578046885852","Pearson correlation","39","normal","list(italic(""t"")[""Student""] * ""("" * 37 * "")"" == ""-0.69"", italic(p) == ""0.49"", widehat(italic(""r""))[""Pearson""] == ""-0.11"", CI[""95%""] ~ ""["" * ""-0.41"", ""0.21"" * ""]"", italic(""n"")[""pairs""] == ""39"")","Malabar Trogon","dawn"
"time_from_startTime","detections","NA correlation","NA","0.95","NA","NA","NA","NA","NA","NA correlation","1","normal","list(italic(""t"")[""Student""] * ""("" * NA * "")"" == ""NA"", italic(p) == ""NA"", NULL == ""NA"", CI[""95%""] ~ ""["" * ""NA"", ""NA"" * ""]"", italic(""n"")[""pairs""] == ""1"")","Malabar Trogon","dusk"
"time_from_startTime","detections","Pearson correlation","0.0290616693667334","0.95","-0.129695130216039","0.186365722730878","0.358447724163927","152","0.72050562906042","Pearson correlation","154","normal","list(italic(""t"")[""Student""] * ""("" * 152 * "")"" == ""0.36"", italic(p) == ""0.72"", widehat(italic(""r""))[""Pearson""] == ""0.03"", CI[""95%""] ~ ""["" * ""-0.13"", ""0.19"" * ""]"", italic(""n"")[""pairs""] == ""154"")","Plum-headed Parakeet","dawn"
"time_from_startTime","detections","Pearson correlation","0.0790419645563453","0.95","-0.126706472873017","0.27826967765332","0.756378775686862","91","0.451375852877768","Pearson correlation","93","normal","list(italic(""t"")[""Student""] * ""("" * 91 * "")"" == ""0.76"", italic(p) == ""0.45"", widehat(italic(""r""))[""Pearson""] == ""0.08"", CI[""95%""] ~ ""["" * ""-0.13"", ""0.28"" * ""]"", italic(""n"")[""pairs""] == ""93"")","Plum-headed Parakeet","dusk"
"time_from_startTime","detections","Pearson correlation","-0.329737581174502","0.95","-0.489691759483429","-0.148310804276859","-3.5618835041294","104","0.000557138776682452","Pearson correlation","106","normal","list(italic(""t"")[""Student""] * ""("" * 104 * "")"" == ""-3.56"", italic(p) == ""5.57e-04"", widehat(italic(""r""))[""Pearson""] == ""-0.33"", CI[""95%""] ~ ""["" * ""-0.49"", ""-0.15"" * ""]"", italic(""n"")[""pairs""] == ""106"")","Gray-headed Canary-Flycatcher","dawn"
"time_from_startTime","detections","NA correlation","NA","0.95","NA","NA","NA","NA","NA","NA correlation","2","normal","list(italic(""t"")[""Student""] * ""("" * NA * "")"" == ""NA"", italic(p) == ""NA"", NULL == ""NA"", CI[""95%""] ~ ""["" * ""NA"", ""NA"" * ""]"", italic(""n"")[""pairs""] == ""2"")","Gray-headed Canary-Flycatcher","dusk"
"time_from_startTime","detections","Pearson correlation","0.0568505825631975","0.95","-0.164926414997561","0.273155484422097","0.502904098215073","78","0.616448793830947","Pearson correlation","80","normal","list(italic(""t"")[""Student""] * ""("" * 78 * "")"" == ""0.50"", italic(p) == ""0.62"", widehat(italic(""r""))[""Pearson""] == ""0.06"", CI[""95%""] ~ ""["" * ""-0.16"", ""0.27"" * ""]"", italic(""n"")[""pairs""] == ""80"")","Malabar Parakeet","dawn"
"time_from_startTime","detections","Pearson correlation","0.0314760957616547","0.95","-0.416850930686207","0.467485355497877","0.133607966637488","18","0.89519503250941","Pearson correlation","20","normal","list(italic(""t"")[""Student""] * ""("" * 18 * "")"" == ""0.13"", italic(p) == ""0.90"", widehat(italic(""r""))[""Pearson""] == ""0.03"", CI[""95%""] ~ ""["" * ""-0.42"", ""0.47"" * ""]"", italic(""n"")[""pairs""] == ""20"")","Malabar Parakeet","dusk"
"time_from_startTime","detections","Pearson correlation","0.341550332371282","0.95","0.00937032227872724","0.605839896360612","2.08759815924724","33","0.0446328351623315","Pearson correlation","35","normal","list(italic(""t"")[""Student""] * ""("" * 33 * "")"" == ""2.09"", italic(p) == ""0.04"", widehat(italic(""r""))[""Pearson""] == ""0.34"", CI[""95%""] ~ ""["" * ""9.37e-03"", ""0.61"" * ""]"", italic(""n"")[""pairs""] == ""35"")","Streak-throated Woodpecker","dawn"
"time_from_startTime","detections","Pearson correlation","0.169462193420463","0.95","-0.295195456090657","0.569291497410251","0.729518449078095","18","0.475071581341149","Pearson correlation","20","normal","list(italic(""t"")[""Student""] * ""("" * 18 * "")"" == ""0.73"", italic(p) == ""0.48"", widehat(italic(""r""))[""Pearson""] == ""0.17"", CI[""95%""] ~ ""["" * ""-0.30"", ""0.57"" * ""]"", italic(""n"")[""pairs""] == ""20"")","Streak-throated Woodpecker","dusk"
"time_from_startTime","detections","Pearson correlation","0.466458725633498","0.95","0.127639395699135","0.707784287389599","2.79044395458348","28","0.00936820530684247","Pearson correlation","30","normal","list(italic(""t"")[""Student""] * ""("" * 28 * "")"" == ""2.79"", italic(p) == ""9.37e-03"", widehat(italic(""r""))[""Pearson""] == ""0.47"", CI[""95%""] ~ ""["" * ""0.13"", ""0.71"" * ""]"", italic(""n"")[""pairs""] == ""30"")","Indian Yellow Tit","dawn"
"time_from_startTime","detections","Pearson correlation","-0.308926913502708","0.95","-0.633390442665964","0.107918626311045","-1.52351732434608","22","0.141875821852956","Pearson correlation","24","normal","list(italic(""t"")[""Student""] * ""("" * 22 * "")"" == ""-1.52"", italic(p) == ""0.14"", widehat(italic(""r""))[""Pearson""] == ""-0.31"", CI[""95%""] ~ ""["" * ""-0.63"", ""0.11"" * ""]"", italic(""n"")[""pairs""] == ""24"")","Indian Yellow Tit","dusk"
"time_from_startTime","detections","Pearson correlation","-0.0695959613954254","0.95","-0.507754551657412","0.39716826338806","-0.287648973519066","17","0.777092574996665","Pearson correlation","19","normal","list(italic(""t"")[""Student""] * ""("" * 17 * "")"" == ""-0.29"", italic(p) == ""0.78"", widehat(italic(""r""))[""Pearson""] == ""-0.07"", CI[""95%""] ~ ""["" * ""-0.51"", ""0.40"" * ""]"", italic(""n"")[""pairs""] == ""19"")","Indian Paradise-Flycatcher","dawn"
"time_from_startTime","detections","Pearson correlation","0.525766993324362","0.95","-0.00667441075402528","0.825941009233717","2.14113447785721","12","0.053482730157395","Pearson correlation","14","normal","list(italic(""t"")[""Student""] * ""("" * 12 * "")"" == ""2.14"", italic(p) == ""0.05"", widehat(italic(""r""))[""Pearson""] == ""0.53"", CI[""95%""] ~ ""["" * ""-6.67e-03"", ""0.83"" * ""]"", italic(""n"")[""pairs""] == ""14"")","Indian Paradise-Flycatcher","dusk"
"time_from_startTime","detections","Pearson correlation","0.0379969221466625","0.95","-0.232125292179535","0.302678006577036","0.274197712395034","52","0.785019030145439","Pearson correlation","54","normal","list(italic(""t"")[""Student""] * ""("" * 52 * "")"" == ""0.27"", italic(p) == ""0.79"", widehat(italic(""r""))[""Pearson""] == ""0.04"", CI[""95%""] ~ ""["" * ""-0.23"", ""0.30"" * ""]"", italic(""n"")[""pairs""] == ""54"")","Bar-winged Flycatcher-shrike","dawn"
"time_from_startTime","detections","Pearson correlation","0.0221010995319812","0.95","-0.376316102778289","0.413619926899808","0.106019045955437","23","0.916486501261236","Pearson correlation","25","normal","list(italic(""t"")[""Student""] * ""("" * 23 * "")"" == ""0.11"", italic(p) == ""0.92"", widehat(italic(""r""))[""Pearson""] == ""0.02"", CI[""95%""] ~ ""["" * ""-0.38"", ""0.41"" * ""]"", italic(""n"")[""pairs""] == ""25"")","Bar-winged Flycatcher-shrike","dusk"
"time_from_startTime","detections","Pearson correlation","-0.408249822275664","0.95","-0.696879750826962","-0.00580993040267503","-2.09762714106078","22","0.0476471770040212","Pearson correlation","24","normal","list(italic(""t"")[""Student""] * ""("" * 22 * "")"" == ""-2.10"", italic(p) == ""0.05"", widehat(italic(""r""))[""Pearson""] == ""-0.41"", CI[""95%""] ~ ""["" * ""-0.70"", ""-5.81e-03"" * ""]"", italic(""n"")[""pairs""] == ""24"")","Black-and-orange Flycatcher","dawn"
"time_from_startTime","detections","Pearson correlation","-0.20624483239871","0.95","-0.527331399140421","0.166387598659812","-1.11532407216749","28","0.274192909568472","Pearson correlation","30","normal","list(italic(""t"")[""Student""] * ""("" * 28 * "")"" == ""-1.12"", italic(p) == ""0.27"", widehat(italic(""r""))[""Pearson""] == ""-0.21"", CI[""95%""] ~ ""["" * ""-0.53"", ""0.17"" * ""]"", italic(""n"")[""pairs""] == ""30"")","Black-and-orange Flycatcher","dusk"
"time_from_startTime","detections","Pearson correlation","-0.110588927993885","0.95","-0.272079888809997","0.0569607052580105","-1.30239882662074","137","0.194965299607752","Pearson correlation","139","normal","list(italic(""t"")[""Student""] * ""("" * 137 * "")"" == ""-1.30"", italic(p) == ""0.19"", widehat(italic(""r""))[""Pearson""] == ""-0.11"", CI[""95%""] ~ ""["" * ""-0.27"", ""0.06"" * ""]"", italic(""n"")[""pairs""] == ""139"")","Green Warbler","dawn"
"time_from_startTime","detections","Pearson correlation","0.183119183231729","0.95","-0.237847223898456","0.546170458199394","0.873678374788801","22","0.391730697557103","Pearson correlation","24","normal","list(italic(""t"")[""Student""] * ""("" * 22 * "")"" == ""0.87"", italic(p) == ""0.39"", widehat(italic(""r""))[""Pearson""] == ""0.18"", CI[""95%""] ~ ""["" * ""-0.24"", ""0.55"" * ""]"", italic(""n"")[""pairs""] == ""24"")","Green Warbler","dusk"
"time_from_startTime","detections","Pearson correlation","0.138933583589517","0.95","-0.0611735768291024","0.32830389827018","1.37459680227426","96","0.172456694208452","Pearson correlation","98","normal","list(italic(""t"")[""Student""] * ""("" * 96 * "")"" == ""1.37"", italic(p) == ""0.17"", widehat(italic(""r""))[""Pearson""] == ""0.14"", CI[""95%""] ~ ""["" * ""-0.06"", ""0.33"" * ""]"", italic(""n"")[""pairs""] == ""98"")","Chestnut-headed Bee-eater","dawn"
"time_from_startTime","detections","Pearson correlation","-0.115909367866368","0.95","-0.365439922743409","0.149163354756147","-0.865440123294605","55","0.390556652737718","Pearson correlation","57","normal","list(italic(""t"")[""Student""] * ""("" * 55 * "")"" == ""-0.87"", italic(p) == ""0.39"", widehat(italic(""r""))[""Pearson""] == ""-0.12"", CI[""95%""] ~ ""["" * ""-0.37"", ""0.15"" * ""]"", italic(""n"")[""pairs""] == ""57"")","Chestnut-headed Bee-eater","dusk"
"time_from_startTime","detections","Pearson correlation","0.0572442268360279","0.95","-0.17512951000403","0.28357679095976","0.483140680747579","71","0.630482390222329","Pearson correlation","73","normal","list(italic(""t"")[""Student""] * ""("" * 71 * "")"" == ""0.48"", italic(p) == ""0.63"", widehat(italic(""r""))[""Pearson""] == ""0.06"", CI[""95%""] ~ ""["" * ""-0.18"", ""0.28"" * ""]"", italic(""n"")[""pairs""] == ""73"")","Indian Blue Robin","dawn"
"time_from_startTime","detections","Pearson correlation","-0.0618492415048151","0.95","-0.324240123580996","0.209378789817685","-0.446856729049592","52","0.656834148687274","Pearson correlation","54","normal","list(italic(""t"")[""Student""] * ""("" * 52 * "")"" == ""-0.45"", italic(p) == ""0.66"", widehat(italic(""r""))[""Pearson""] == ""-0.06"", CI[""95%""] ~ ""["" * ""-0.32"", ""0.21"" * ""]"", italic(""n"")[""pairs""] == ""54"")","Indian Blue Robin","dusk"
"time_from_startTime","detections","Pearson correlation","-0.072994046042055","0.95","-0.510285049237015","0.394287680256997","-0.30176716304413","17","0.766489930020237","Pearson correlation","19","normal","list(italic(""t"")[""Student""] * ""("" * 17 * "")"" == ""-0.30"", italic(p) == ""0.77"", widehat(italic(""r""))[""Pearson""] == ""-0.07"", CI[""95%""] ~ ""["" * ""-0.51"", ""0.39"" * ""]"", italic(""n"")[""pairs""] == ""19"")","Asian Brown Flycatcher","dawn"
"time_from_startTime","detections","Pearson correlation","0.232630088015279","0.95","-0.339903249921815","0.679357356843587","0.828586288657996","12","0.423513029782362","Pearson correlation","14","normal","list(italic(""t"")[""Student""] * ""("" * 12 * "")"" == ""0.83"", italic(p) == ""0.42"", widehat(italic(""r""))[""Pearson""] == ""0.23"", CI[""95%""] ~ ""["" * ""-0.34"", ""0.68"" * ""]"", italic(""n"")[""pairs""] == ""14"")","Asian Brown Flycatcher","dusk"
"time_from_startTime","detections","Pearson correlation","-0.191062351896182","0.95","-0.400650445674674","0.0375268003575938","-1.66307477671389","73","0.100585400926758","Pearson correlation","75","normal","list(italic(""t"")[""Student""] * ""("" * 73 * "")"" == ""-1.66"", italic(p) == ""0.10"", widehat(italic(""r""))[""Pearson""] == ""-0.19"", CI[""95%""] ~ ""["" * ""-0.40"", ""0.04"" * ""]"", italic(""n"")[""pairs""] == ""75"")","Little Spiderhunter","dawn"
"time_from_startTime","detections","Pearson correlation","-0.116421258896776","0.95","-0.387730108940274","0.173451082949792","-0.795013546850767","46","0.43068867370208","Pearson correlation","48","normal","list(italic(""t"")[""Student""] * ""("" * 46 * "")"" == ""-0.80"", italic(p) == ""0.43"", widehat(italic(""r""))[""Pearson""] == ""-0.12"", CI[""95%""] ~ ""["" * ""-0.39"", ""0.17"" * ""]"", italic(""n"")[""pairs""] == ""48"")","Indian Blackbird","dawn"
"time_from_startTime","detections","Pearson correlation","0.353507767647907","0.95","0.0514532108701222","0.596305879784179","2.3600392874178","39","0.0233710263356812","Pearson correlation","41","normal","list(italic(""t"")[""Student""] * ""("" * 39 * "")"" == ""2.36"", italic(p) == ""0.02"", widehat(italic(""r""))[""Pearson""] == ""0.35"", CI[""95%""] ~ ""["" * ""0.05"", ""0.60"" * ""]"", italic(""n"")[""pairs""] == ""41"")","Rufous Babbler","dawn"
"time_from_startTime","detections","Pearson correlation","-0.40787077872158","0.95","NA","NA","-0.446717481009347","1","0.732542772767227","Pearson correlation","3","normal","list(italic(""t"")[""Student""] * ""("" * 1 * "")"" == ""-0.45"", italic(p) == ""0.73"", widehat(italic(""r""))[""Pearson""] == ""-0.41"", CI[""95%""] ~ ""["" * ""NA"", ""NA"" * ""]"", italic(""n"")[""pairs""] == ""3"")","Rufous Babbler","dusk"
"time_from_startTime","detections","Pearson correlation","0.109175006004391","0.95","-0.205373468958958","0.403280180958792","0.685897616768413","39","0.496835148732173","Pearson correlation","41","normal","list(italic(""t"")[""Student""] * ""("" * 39 * "")"" == ""0.69"", italic(p) == ""0.50"", widehat(italic(""r""))[""Pearson""] == ""0.11"", CI[""95%""] ~ ""["" * ""-0.21"", ""0.40"" * ""]"", italic(""n"")[""pairs""] == ""41"")","Malabar Woodshrike","dawn"
"time_from_startTime","detections","Pearson correlation","-0.998096917485788","0.95","NA","NA","-16.1858544216563","1","0.0392819310635549","Pearson correlation","3","normal","list(italic(""t"")[""Student""] * ""("" * 1 * "")"" == ""-16.19"", italic(p) == ""0.04"", widehat(italic(""r""))[""Pearson""] == ""-1.00"", CI[""95%""] ~ ""["" * ""NA"", ""NA"" * ""]"", italic(""n"")[""pairs""] == ""3"")","Malabar Woodshrike","dusk"
"time_from_startTime","detections","Pearson correlation","0.05184776002893","0.95","-0.242094116028609","0.337072424803831","0.344382326571757","44","0.732199368266083","Pearson correlation","46","normal","list(italic(""t"")[""Student""] * ""("" * 44 * "")"" == ""0.34"", italic(p) == ""0.73"", widehat(italic(""r""))[""Pearson""] == ""0.05"", CI[""95%""] ~ ""["" * ""-0.24"", ""0.34"" * ""]"", italic(""n"")[""pairs""] == ""46"")","Black-rumped Flameback","dawn"
"time_from_startTime","detections","Pearson correlation","-0.369326795115013","0.95","-0.731171288310004","0.154700718491437","-1.48702781492422","14","0.159180085882751","Pearson correlation","16","normal","list(italic(""t"")[""Student""] * ""("" * 14 * "")"" == ""-1.49"", italic(p) == ""0.16"", widehat(italic(""r""))[""Pearson""] == ""-0.37"", CI[""95%""] ~ ""["" * ""-0.73"", ""0.15"" * ""]"", italic(""n"")[""pairs""] == ""16"")","Black-rumped Flameback","dusk"
"time_from_startTime","detections","Pearson correlation","0.0759278385799323","0.95","-0.206790255652924","0.346943142550566","0.52756641447241","48","0.600230600494393","Pearson correlation","50","normal","list(italic(""t"")[""Student""] * ""("" * 48 * "")"" == ""0.53"", italic(p) == ""0.60"", widehat(italic(""r""))[""Pearson""] == ""0.08"", CI[""95%""] ~ ""["" * ""-0.21"", ""0.35"" * ""]"", italic(""n"")[""pairs""] == ""50"")","House Crow","dawn"
"time_from_startTime","detections","Pearson correlation","-0.112076021633144","0.95","-0.366476585640704","0.15791656096938","-0.821098976374453","53","0.415268053334166","Pearson correlation","55","normal","list(italic(""t"")[""Student""] * ""("" * 53 * "")"" == ""-0.82"", italic(p) == ""0.42"", widehat(italic(""r""))[""Pearson""] == ""-0.11"", CI[""95%""] ~ ""["" * ""-0.37"", ""0.16"" * ""]"", italic(""n"")[""pairs""] == ""55"")","House Crow","dusk"
"time_from_startTime","detections","Pearson correlation","0.0813942035491911","0.95","-0.308151165695591","0.447564578908442","0.408325848132605","25","0.686510792734711","Pearson correlation","27","normal","list(italic(""t"")[""Student""] * ""("" * 25 * "")"" == ""0.41"", italic(p) == ""0.69"", widehat(italic(""r""))[""Pearson""] == ""0.08"", CI[""95%""] ~ ""["" * ""-0.31"", ""0.45"" * ""]"", italic(""n"")[""pairs""] == ""27"")","Golden-fronted Leafbird","dawn"
"time_from_startTime","detections","Pearson correlation","-0.786643389014848","0.95","-0.959461547361132","-0.183924832638984","-3.12091206317219","6","0.0205610200988601","Pearson correlation","8","normal","list(italic(""t"")[""Student""] * ""("" * 6 * "")"" == ""-3.12"", italic(p) == ""0.02"", widehat(italic(""r""))[""Pearson""] == ""-0.79"", CI[""95%""] ~ ""["" * ""-0.96"", ""-0.18"" * ""]"", italic(""n"")[""pairs""] == ""8"")","Golden-fronted Leafbird","dusk"
"time_from_startTime","detections","Pearson correlation","-0.360895720325289","0.95","-0.58503878801015","-0.0855316989335072","-2.62459538483104","46","0.0117350139247095","Pearson correlation","48","normal","list(italic(""t"")[""Student""] * ""("" * 46 * "")"" == ""-2.62"", italic(p) == ""0.01"", widehat(italic(""r""))[""Pearson""] == ""-0.36"", CI[""95%""] ~ ""["" * ""-0.59"", ""-0.09"" * ""]"", italic(""n"")[""pairs""] == ""48"")","Red Spurfowl","dawn"
"time_from_startTime","detections","Pearson correlation","0.521451250402322","0.95","-0.881316425851443","0.987595108297746","0.864244446276752","2","0.478548749597678","Pearson correlation","4","normal","list(italic(""t"")[""Student""] * ""("" * 2 * "")"" == ""0.86"", italic(p) == ""0.48"", widehat(italic(""r""))[""Pearson""] == ""0.52"", CI[""95%""] ~ ""["" * ""-0.88"", ""0.99"" * ""]"", italic(""n"")[""pairs""] == ""4"")","Red Spurfowl","dusk"
